{
  "i18n/i18n.properties": 1753433872961,
  "manifest.json": 1754027100302,
  "controller/bankstatement_view.controller.js": 1754387974934,
  "controller/App.controller.js": 1752556268795,
  "model/models.js": 1752556268795,
  "Component.js": 1752556268791,
  "controller/App-dbg.controller.js": 1752556268795,
  "controller/App.controller.js.map": 1754390376397,
  "controller/bankstatement_view-dbg.controller.js": 1754387974934,
  "controller/bankstatement_view.controller.js.map": 1754390376448,
  "model/models-dbg.js": 1752556268795,
  "model/models.js.map": 1754390376399,
  "Component-dbg.js": 1752556268791,
  "Component.js.map": 1754390376398,
  "Component-preload.js": 1754390376563,
  "Component-preload.js.map": 1754390376563,
  "view/bankstatement_view.view.xml": 1754386862347,
  "view/HouseBankAccountVH.fragment.xml": 1754137528353,
  "view/CCodeVH.fragment.xml": 1754034423387,
  "view/BankVH.fragment.xml": 1754137588049,
  "view/App.view.xml": 1752556268799,
  "css/style.css": 1752556268799,
  "index.html": 1752556268791
}