{
  "Component.js.map": 1758742683908,
  "Component.js": 1756846313954,
  "controller/bankstatement_view.controller.js": 1756846222553,
  "controller/App.controller.js": 1752556268795,
  "manifest.json": 1756874408786,
  "model/models.js": 1752556268795,
  "controller/App-dbg.controller.js": 1752556268795,
  "controller/App.controller.js.map": 1758742683912,
  "controller/bankstatement_view-dbg.controller.js": 1756846222553,
  "controller/bankstatement_view.controller.js.map": 1758742683974,
  "Component-dbg.js": 1756846313954,
  "i18n/i18n.properties": 1753433872961,
  "model/models-dbg.js": 1752556268795,
  "model/models.js.map": 1758742683910,
  "Component-preload.js": 1758742684099,
  "Component-preload.js.map": 1758742684099,
  "view/bankstatement_view.view.xml": 1756878555463,
  "view/HouseBankAccountVH.fragment.xml": 1754137528353,
  "view/CCodeVH.fragment.xml": 1754034423387,
  "view/BankVH.fragment.xml": 1754137588049,
  "view/App.view.xml": 1752556268799,
  "css/style.css": 1752556268799,
  "index.html": 1752556268791
}